station,variable,units,n_expected,n_matched,n_missing,rmse,bias,mae,model,case
YPPH,msl,Pa,40,0,40,,,,FCN,2022-01-01
YPPH,t2m,K,40,40,0,3.356316553481354,2.392131042480469,2.7773208618164062,FCN,2022-01-01
YPPH,u10m,m s-1,40,40,0,3.631397311442938,-0.8332470014691353,3.0241444975137712,FCN,2022-01-01
YPPH,v10m,m s-1,40,40,0,2.4520509013374525,-0.8893101491034031,2.0166988618671895,FCN,2022-01-01
YPPH,ws10m,m s-1,40,40,0,2.9831236088034614,-1.4706813260912894,2.5659795984625817,FCN,2022-01-01
YPPH,msl,Pa,40,0,40,,,,persistence,2022-01-01
YPPH,t2m,K,40,40,0,6.721235005562593,-4.125,5.025,persistence,2022-01-01
YPPH,u10m,m s-1,40,40,0,6.100212874818664,-3.487178821116686,4.905688638240099,persistence,2022-01-01
YPPH,v10m,m s-1,40,40,0,3.160427818138779,2.125302995741367,2.603114427626133,persistence,2022-01-01
YPPH,ws10m,m s-1,40,40,0,2.2320586083654788,0.45013842880725863,1.813415077328682,persistence,2022-01-01
YPPH,msl,Pa,40,0,40,,,,FCN,2022-07-01
YPPH,t2m,K,40,40,0,3.104019699124762,-1.1673896789550782,2.338819122314453,FCN,2022-07-01
YPPH,u10m,m s-1,40,40,0,3.4623410308060074,0.6751038379967212,2.4186735056340694,FCN,2022-07-01
YPPH,v10m,m s-1,40,40,0,3.0334521825362266,0.0013561759144067986,1.8848550882190467,FCN,2022-07-01
YPPH,ws10m,m s-1,40,40,0,2.2310676160122718,-0.49541650116443636,1.5395534962415696,FCN,2022-07-01
YPPH,msl,Pa,40,0,40,,,,persistence,2022-07-01
YPPH,t2m,K,40,40,0,5.670097000933935,-3.9,4.15,persistence,2022-07-01
YPPH,u10m,m s-1,40,40,0,3.9934928345540857,-2.5017918936908243,2.869893275946379,persistence,2022-07-01
YPPH,v10m,m s-1,40,40,0,3.06237687869578,-0.21217017769813537,2.1731414794921875,persistence,2022-07-01
YPPH,ws10m,m s-1,40,40,0,2.2424094361406435,0.23149958848953248,1.723387396335602,persistence,2022-07-01
YPPH,msl,Pa,40,0,40,,,,FCN,2022-10-01
YPPH,t2m,K,40,40,0,2.171255872578632,-0.3965301513671875,1.7567367553710938,FCN,2022-10-01
YPPH,u10m,m s-1,40,40,0,2.6564464462935176,-0.1904553111642599,2.088561775162816,FCN,2022-10-01
YPPH,v10m,m s-1,40,40,0,2.4951469942870546,-0.28895376026630404,1.9392957895994187,FCN,2022-10-01
YPPH,ws10m,m s-1,40,40,0,2.6647967815603035,-1.0071280509233476,2.021956017613411,FCN,2022-10-01
YPPH,msl,Pa,40,0,40,,,,persistence,2022-10-01
YPPH,t2m,K,40,40,0,5.181698563212646,2.65,4.15,persistence,2022-10-01
YPPH,u10m,m s-1,40,40,0,4.586715575173943,-1.68400674238801,3.708132103830576,persistence,2022-10-01
YPPH,v10m,m s-1,40,40,0,3.6983308337916108,1.3200209721922875,2.9523016318678854,persistence,2022-10-01
YPPH,ws10m,m s-1,40,40,0,3.2839906218547434,-1.3375543028116226,2.4950533479452135,persistence,2022-10-01
